{
  "success": true,
  "corr_rmse": 0.10809179983199602,
  "corr_mae": 0.06964283927360952,
  "corr_corr": 0.17297863330596766,
  "corr_rmse_raw": 0.9863371805761052,
  "corr_mae_raw": 0.969406158561217,
  "corr_corr_raw": 0.920568512124217,
  "sign_rmse": 0.890625,
  "sign_mae": 0.890625,
  "sign_corr": 0.875
}